backend,preset,rel,ref_path,out_path,sr_ref,sr_out,dur_ref_s,dur_out_s,stoi,srmr,lufs,clip_rate,rtf
base,medium,data/raw/2025/09/08/5d4c7742b30af62c91777f92bdbaa267d5e4650e3c60e0833b39d81f5a16a679__250820_1542.mp3,dataset-audio-raw/prep/data/raw/2025/09/08/5d4c7742b30af62c91777f92bdbaa267d5e4650e3c60e0833b39d81f5a16a679__250820_1542.wav,dataset-audio-raw/enh/base/medium/data/raw/2025/09/08/5d4c7742b30af62c91777f92bdbaa267d5e4650e3c60e0833b39d81f5a16a679__250820_1542.wav,44100,44100,7.591,8.262,0.0975,,-19.43,0.000000,
metricgan,medium,data/raw/2025/09/08/5d4c7742b30af62c91777f92bdbaa267d5e4650e3c60e0833b39d81f5a16a679__250820_1542.mp3,dataset-audio-raw/prep/data/raw/2025/09/08/5d4c7742b30af62c91777f92bdbaa267d5e4650e3c60e0833b39d81f5a16a679__250820_1542.wav,dataset-audio-raw/enh/metricgan/medium/data/raw/2025/09/08/5d4c7742b30af62c91777f92bdbaa267d5e4650e3c60e0833b39d81f5a16a679__250820_1542.wav,44100,44100,7.591,7.591,0.9481,,-18.58,0.000000,
resemble_enh,medium,data/raw/2025/09/08/5d4c7742b30af62c91777f92bdbaa267d5e4650e3c60e0833b39d81f5a16a679__250820_1542.mp3,dataset-audio-raw/prep/data/raw/2025/09/08/5d4c7742b30af62c91777f92bdbaa267d5e4650e3c60e0833b39d81f5a16a679__250820_1542.wav,dataset-audio-raw/enh/resemble_enh/medium/data/raw/2025/09/08/5d4c7742b30af62c91777f92bdbaa267d5e4650e3c60e0833b39d81f5a16a679__250820_1542.wav,44100,44100,7.591,7.591,0.8002,,-19.22,0.000000,
base,medium,data/raw/2025/09/08/df5c7a3423dd07c7c527615359dcf78149587b1be39ec227e9a058012ed33c35__250714_1629.mp3,dataset-audio-raw/prep/data/raw/2025/09/08/df5c7a3423dd07c7c527615359dcf78149587b1be39ec227e9a058012ed33c35__250714_1629.wav,dataset-audio-raw/enh/base/medium/data/raw/2025/09/08/df5c7a3423dd07c7c527615359dcf78149587b1be39ec227e9a058012ed33c35__250714_1629.wav,44100,44100,9.221,10.037,0.0203,,-22.17,0.000000,
metricgan,medium,data/raw/2025/09/08/df5c7a3423dd07c7c527615359dcf78149587b1be39ec227e9a058012ed33c35__250714_1629.mp3,dataset-audio-raw/prep/data/raw/2025/09/08/df5c7a3423dd07c7c527615359dcf78149587b1be39ec227e9a058012ed33c35__250714_1629.wav,dataset-audio-raw/enh/metricgan/medium/data/raw/2025/09/08/df5c7a3423dd07c7c527615359dcf78149587b1be39ec227e9a058012ed33c35__250714_1629.wav,44100,44100,9.221,9.221,0.9164,,-19.26,0.000000,
resemble_enh,medium,data/raw/2025/09/08/df5c7a3423dd07c7c527615359dcf78149587b1be39ec227e9a058012ed33c35__250714_1629.mp3,dataset-audio-raw/prep/data/raw/2025/09/08/df5c7a3423dd07c7c527615359dcf78149587b1be39ec227e9a058012ed33c35__250714_1629.wav,dataset-audio-raw/enh/resemble_enh/medium/data/raw/2025/09/08/df5c7a3423dd07c7c527615359dcf78149587b1be39ec227e9a058012ed33c35__250714_1629.wav,44100,44100,9.221,9.221,0.5043,,-21.92,0.000000,
base,medium,data/raw/2025/09/08/2279f1beb83a110a79e6272148ef3502ef281d8bed794468b2e2d64bff2d176b__250820_1541_01.mp3,dataset-audio-raw/prep/data/raw/2025/09/08/2279f1beb83a110a79e6272148ef3502ef281d8bed794468b2e2d64bff2d176b__250820_1541_01.wav,dataset-audio-raw/enh/base/medium/data/raw/2025/09/08/2279f1beb83a110a79e6272148ef3502ef281d8bed794468b2e2d64bff2d176b__250820_1541_01.wav,44100,44100,10.848,11.808,0.1046,,-19.87,0.000000,
metricgan,medium,data/raw/2025/09/08/2279f1beb83a110a79e6272148ef3502ef281d8bed794468b2e2d64bff2d176b__250820_1541_01.mp3,dataset-audio-raw/prep/data/raw/2025/09/08/2279f1beb83a110a79e6272148ef3502ef281d8bed794468b2e2d64bff2d176b__250820_1541_01.wav,dataset-audio-raw/enh/metricgan/medium/data/raw/2025/09/08/2279f1beb83a110a79e6272148ef3502ef281d8bed794468b2e2d64bff2d176b__250820_1541_01.wav,44100,44100,10.848,10.848,0.9804,,-19.33,0.000000,
resemble_enh,medium,data/raw/2025/09/08/2279f1beb83a110a79e6272148ef3502ef281d8bed794468b2e2d64bff2d176b__250820_1541_01.mp3,dataset-audio-raw/prep/data/raw/2025/09/08/2279f1beb83a110a79e6272148ef3502ef281d8bed794468b2e2d64bff2d176b__250820_1541_01.wav,dataset-audio-raw/enh/resemble_enh/medium/data/raw/2025/09/08/2279f1beb83a110a79e6272148ef3502ef281d8bed794468b2e2d64bff2d176b__250820_1541_01.wav,44100,44100,10.848,10.848,0.9427,,-19.20,0.000000,
