path,sha256,duration_s,sample_rate,channels,bitrate,size_bytes,source,drive_file_id,created_at
data/raw/2025/09/08/29e7742142413441df77a420567b653c481f96e2a7c799b7764cf34da62a3a2f__250822_1320.mp3,29e7742142413441df77a420567b653c481f96e2a7c799b7764cf34da62a3a2f,48.979625,44100,2,128669,787770,drive,1URHIsnPUQBfEVeJMMF4Lcjx95pUXiy2y,2025-09-08T05:06:55Z
data/raw/2025/09/08/428b1ef5c92dd7ecdc7c54107ecf2e046ef42251610c0ba12244412fa65b4205__250820_2009.mp3,428b1ef5c92dd7ecdc7c54107ecf2e046ef42251610c0ba12244412fa65b4205,184.398375,44100,2,128177,2954470,drive,1EO9viLJNaINnPz1pKWgbpTFKBmzvuTO6,2025-09-08T05:06:57Z
data/raw/2025/09/08/c3a3d60ba26fb94257a6f975143b6877602ca8a73186b4c2eada7301c86b4dd9__250820_2002.mp3,c3a3d60ba26fb94257a6f975143b6877602ca8a73186b4c2eada7301c86b4dd9,91.846563,44100,2,128356,1473641,drive,1urensLWnMDRCFzX2X-KxJ1cbCak3IhI4,2025-09-08T05:06:58Z
data/raw/2025/09/08/aff8ee3f05ba1de54c72dcd32caf0e47eef5033e08ba2d5322998d8017360fff__250820_2000.mp3,aff8ee3f05ba1de54c72dcd32caf0e47eef5033e08ba2d5322998d8017360fff,121.051438,44100,2,128270,1940919,drive,1Ldl-65CBGIqEtzkhCjrLeGrheJn7mP6C,2025-09-08T05:07:00Z
data/raw/2025/09/08/b675bdc693ef39b0d7dde73901250f95b12aee2e6b2491ef0c3fe11989caf4ff__250820_1957.mp3,b675bdc693ef39b0d7dde73901250f95b12aee2e6b2491ef0c3fe11989caf4ff,126.72,44100,2,128258,2031616,drive,1VLhMD1U19cLCL9w5ozQnURh_Y9oywdPB,2025-09-08T05:07:02Z
data/raw/2025/09/08/436386caea78dd252ff03f21db77ed3ad4d9264f6683832fd9b6a69480154deb__250820_1955.mp3,436386caea78dd252ff03f21db77ed3ad4d9264f6683832fd9b6a69480154deb,135.183688,44100,2,128242,2167035,drive,1r8AEhXpquidCUP08JYlqPmpEzjX2Cp2q,2025-09-08T05:07:04Z
data/raw/2025/09/08/52701f4fa2514351bde702af10f7d8b4f8ea12bae519d4cdbbf9b18df92e3c2b__250820_1952.mp3,52701f4fa2514351bde702af10f7d8b4f8ea12bae519d4cdbbf9b18df92e3c2b,172.225313,44100,2,128190,2759701,drive,1TEreHNTKsI5r5Q3u-bsgRPHCoAk1L1_o,2025-09-08T05:07:06Z
data/raw/2025/09/08/12084eba1a10ed7454625cd2739c2de098eb3f9270247626e60000aa72c44a2c__250820_1933.mp3,12084eba1a10ed7454625cd2739c2de098eb3f9270247626e60000aa72c44a2c,68.545313,44100,2,128478,1100821,drive,1lARCggYmORIuQmuUz-7wQzYFTyAE23Nq,2025-09-08T05:07:07Z
data/raw/2025/09/08/a7d56e4890a6cc957eb136ba881bebe96ade25bdffd8f9f1dae6dde525890b98__250820_1932.mp3,a7d56e4890a6cc957eb136ba881bebe96ade25bdffd8f9f1dae6dde525890b98,87.458,44100,2,128374,1403424,drive,1yp0T5-ERvGQGcLaR-y9oduNR1uEBeftq,2025-09-08T05:07:09Z
data/raw/2025/09/08/903172ffbbfb9d2ff7f7232c7e3467a7e190ddb09cc22eb64351081091dc1e23__250820_1600.mp3,903172ffbbfb9d2ff7f7232c7e3467a7e190ddb09cc22eb64351081091dc1e23,82.338,44100,2,128397,1321504,drive,1PNXV1sQindDf02bDbCSXui1lHiQAbiPa,2025-09-08T05:07:11Z
data/raw/2025/09/08/138515212831618930e641ff8b2effdc07997d1e4995e330554f72d0d472924b__250820_1548.mp3,138515212831618930e641ff8b2effdc07997d1e4995e330554f72d0d472924b,91.637563,44100,2,128357,1470297,drive,1mlfgpZPneLvoGlRXFj7es5z3IcQ7LWcK,2025-09-08T05:07:14Z
data/raw/2025/09/08/c352a5b75b40511bbbd6e6397cd488d411ce7fb4d47b6ccafe0a64cf20cfc4cf__250820_1544_01.mp3,c352a5b75b40511bbbd6e6397cd488d411ce7fb4d47b6ccafe0a64cf20cfc4cf,194.61225,44100,2,128168,3117892,drive,12q4X_7XWx1O0531mJib8UEOsZnBeEuYT,2025-09-08T05:07:17Z
data/raw/2025/09/08/93af91b2d487987837193951901b7bc2a92cd56a70972e922b34dd7a7e2f8914__250820_1544.mp3,93af91b2d487987837193951901b7bc2a92cd56a70972e922b34dd7a7e2f8914,32.783688,44100,2,128999,528635,drive,1mzIl3WY4XgL4mYOe2VeFy8YKo96K9EYq,2025-09-08T05:07:19Z
data/raw/2025/09/08/87d3da66f260427a0d414d286512861614b0632e326f85037883f27f00b1c3b7__250820_1543_01.mp3,87d3da66f260427a0d414d286512861614b0632e326f85037883f27f00b1c3b7,19.173938,44100,2,129708,310879,drive,1rNgtSndfDsm_Heqzk3Iv709-aR8801pi,2025-09-08T05:07:21Z
data/raw/2025/09/08/b3b72dfcdbd8b6e43d79df299839965c02944e733ab5c0e65812ac7d6c454d4b__250820_1543.mp3,b3b72dfcdbd8b6e43d79df299839965c02944e733ab5c0e65812ac7d6c454d4b,30.223688,44100,2,129084,487675,drive,1d_8Mtt_f-R0Q2fuOzZzNzcoti04Q74m-,2025-09-08T05:07:22Z
data/raw/2025/09/08/115ad6db883bea6a592e6e16b74fd05f9761d2a212181ad691ea50e1da168896__250820_1542_01.mp3,115ad6db883bea6a592e6e16b74fd05f9761d2a212181ad691ea50e1da168896,44.95675,44100,2,128728,723404,drive,1j8rbQ4LEuMxl8WUZRLWo1H3jkgzcNA4w,2025-09-08T05:07:25Z
data/raw/2025/09/08/5d4c7742b30af62c91777f92bdbaa267d5e4650e3c60e0833b39d81f5a16a679__250820_1542.mp3,5d4c7742b30af62c91777f92bdbaa267d5e4650e3c60e0833b39d81f5a16a679,8.280875,44100,2,131957,136590,drive,1XBjy9KBiqbohUA7foFSl40vCfxsFefHt,2025-09-08T05:07:26Z
data/raw/2025/09/08/2279f1beb83a110a79e6272148ef3502ef281d8bed794468b2e2d64bff2d176b__250820_1541_01.mp3,2279f1beb83a110a79e6272148ef3502ef281d8bed794468b2e2d64bff2d176b,11.598375,44100,2,130825,189670,drive,10ecOjTzvuOojo8igwdMvmFvQBW-LVYTE,2025-09-08T05:07:27Z
data/raw/2025/09/08/c68976736d2e914f499af55bdd1d3ccece530051225422c30ba9044585a1aff9__250820_1541.mp3,c68976736d2e914f499af55bdd1d3ccece530051225422c30ba9044585a1aff9,20.662875,44100,2,129585,334702,drive,1MjD52R7LK_eQsjcKb7fSDGfKC57sehvx,2025-09-08T05:07:29Z
data/raw/2025/09/08/f7fd19d194b94c26b87b4d2dccbedd556d19897f4c87879df8a7070d790e4b2a__250820_1540_01.mp3,f7fd19d194b94c26b87b4d2dccbedd556d19897f4c87879df8a7070d790e4b2a,28.917563,44100,2,129133,466777,drive,115HDdAA8kX9H8z4AuqhiaQdFytORU359,2025-09-08T05:07:31Z
data/raw/2025/09/08/5722f1647c30d67d5f7c6bbe9221f671fd0f12ca0ae75bc4ef99a2158d29a1d0__250820_1540.mp3,5722f1647c30d67d5f7c6bbe9221f671fd0f12ca0ae75bc4ef99a2158d29a1d0,23.693063,44100,2,129383,383185,drive,1kWltJqeqcctGH0zcbj7qlejv0R-bIeAj,2025-09-08T05:07:32Z
data/raw/2025/09/08/3093e92265c9c5f99aa937e8e172f229d645c855a9308077d196ff6df6d086ea__250820_1539.mp3,3093e92265c9c5f99aa937e8e172f229d645c855a9308077d196ff6df6d086ea,15.647375,44100,2,130094,254454,drive,1d3clhMAd8JFKk0zYCocgJeTuyUCs6IEd,2025-09-08T05:07:34Z
data/raw/2025/09/08/861f81ada6fdb0ab6e56ba910b291eb680ddda84209778cc755e4edd8414bb30__250816_1803.mp3,861f81ada6fdb0ab6e56ba910b291eb680ddda84209778cc755e4edd8414bb30,11.6245,44100,2,130818,190088,drive,1t4hF23wgaFRbUTZUO9FuCJpbqbVwC9hQ,2025-09-08T05:07:35Z
data/raw/2025/09/08/9ecfcb28b7f4114c15be6ecb4e3cc92a3f1d447a8c7bf46a75d519113583eaf3__250805_1417.mp3,9ecfcb28b7f4114c15be6ecb4e3cc92a3f1d447a8c7bf46a75d519113583eaf3,168.411438,44100,2,128194,2698679,drive,1trCmwKulnA0A3ew6QvjmY0ouvhCYEY6u,2025-09-08T05:07:37Z
data/raw/2025/09/08/26b514c690c6e87e899308505339df2ae59dd593e0286d7b705fc9daca9767a5__250805_1413.mp3,26b514c690c6e87e899308505339df2ae59dd593e0286d7b705fc9daca9767a5,238.55025,44100,2,128137,3820900,drive,1TEfRTX1I9hPPIBN0wfnsPEvJIOyUAzKq,2025-09-08T05:07:39Z
data/raw/2025/09/08/3a4024ddabde86625bde8f22a7edd29412602a5767ef7f57bc9ba28a48ba5059__250805_1411.mp3,3a4024ddabde86625bde8f22a7edd29412602a5767ef7f57bc9ba28a48ba5059,104.803313,44100,2,128312,1680949,drive,1hvBVsLLxLRsKUuHf9YnxvM0fu-V21jgr,2025-09-08T05:07:41Z
data/raw/2025/09/08/072ff6bbce11674348eacd0547b155a5699af26be74472800e3e79bf4c8708fe__250805_1410.mp3,072ff6bbce11674348eacd0547b155a5699af26be74472800e3e79bf4c8708fe,70.5045,44100,2,128464,1132168,drive,1lbIE_1k7ZvdkHhNMgo7yAXTkphqJ1ll8,2025-09-08T05:07:43Z
data/raw/2025/09/08/997ef4d89f963fca36b010dbb74d67309bed3b8e4c9765026fe21f1bf97d5eec__250805_1408.mp3,997ef4d89f963fca36b010dbb74d67309bed3b8e4c9765026fe21f1bf97d5eec,82.338,44100,2,128397,1321504,drive,1jrIuQoYVW0d5EPGNPwlWA7lB3GVtXg7M,2025-09-08T05:07:45Z
data/raw/2025/09/08/2e0e1fdf187de03e3aabefd202f827dc878723373a15104cf2c707fa16faf3f7__250805_1407.mp3,2e0e1fdf187de03e3aabefd202f827dc878723373a15104cf2c707fa16faf3f7,46.498,44100,2,128704,748064,drive,1dsixG55nHtc-vE33G3S3TIC5-7DuiuYY,2025-09-08T05:07:46Z
data/raw/2025/09/08/2b433ba18758689f072fb4243cafcee5c6e631f8a057c64476aefc0acecf0f8a__250805_1406.mp3,2b433ba18758689f072fb4243cafcee5c6e631f8a057c64476aefc0acecf0f8a,101.69475,44100,2,128322,1631212,drive,1BsEf77rUU_WwtEAr09AL6jWDwGyWzZCU,2025-09-08T05:07:48Z
data/raw/2025/09/08/bacee44590f4f10dcbf347c6f8033cb9e693ae282d2da6a9f03a19916ed9b755__250805_1403.mp3,bacee44590f4f10dcbf347c6f8033cb9e693ae282d2da6a9f03a19916ed9b755,83.487375,44100,2,128392,1339894,drive,1ZfCyFgMnIvaI1qOpgpprHhEoatH1RTzB,2025-09-08T05:07:49Z
data/raw/2025/09/08/bc1c812f58d7a8814ab2cfa4d81d5ba6d0a3ece42c884e11822ecb9479a71a7d__250805_1401.mp3,bc1c812f58d7a8814ab2cfa4d81d5ba6d0a3ece42c884e11822ecb9479a71a7d,83.539625,44100,2,128392,1340730,drive,1wytagSvyKNNuvFPFlUt4MRypW_LskVFj,2025-09-08T05:07:51Z
data/raw/2025/09/08/93b95afc1cba4e79bb098d28307af4bb581a427c2733bb91de4c337c06b93d2a__250805_1359.mp3,93b95afc1cba4e79bb098d28307af4bb581a427c2733bb91de4c337c06b93d2a,111.647375,44100,2,128293,1790454,drive,1DtS-RZVe7gg2FnJpz7D5xHjmabOP082x,2025-09-08T05:07:53Z
data/raw/2025/09/08/448e406125cff7c673d260f7a18982fb51445dd29b670a6c4e8c31e2e826ff45__250728_0942.mp3,448e406125cff7c673d260f7a18982fb51445dd29b670a6c4e8c31e2e826ff45,75.441688,44100,2,128434,1211163,drive,1uQuXtX5dgJklrJubG0WiuTbR1QHaos6H,2025-09-08T05:07:55Z
data/raw/2025/09/08/40723dc623cfd3d4a9963cb1819a647591d9fdfc86f88867774fce4acb956e2e__250728_0940.mp3,40723dc623cfd3d4a9963cb1819a647591d9fdfc86f88867774fce4acb956e2e,89.809,44100,2,128364,1441040,drive,10Vqq0O7CaEsTPn0I1J3A14a2WKnKPbmR,2025-09-08T05:07:56Z
data/raw/2025/09/08/166ef3101465e2cc2ba05cae7010abdfa2d78de9525bb90b17889011a8cb25d5__250728_0938.mp3,166ef3101465e2cc2ba05cae7010abdfa2d78de9525bb90b17889011a8cb25d5,130.272688,44100,2,128251,2088459,drive,10xnnHe26m_6h7-5j8esVRWCLfxyQofOC,2025-09-08T05:07:58Z
data/raw/2025/09/08/3397998d845e67f7f99bc80c67a2868f0a78380a57680a92061633d93f7f4882__250728_0937.mp3,3397998d845e67f7f99bc80c67a2868f0a78380a57680a92061633d93f7f4882,41.848188,44100,2,128783,673667,drive,1iVxDE-YoxETtbgHZBGLKFydxJR3iF6y8,2025-09-08T05:08:00Z
data/raw/2025/09/08/8682186d89e962ebcf0c268dc7e536a2b4dbedbff360d05b8addcdd71352ab55__250728_0935.mp3,8682186d89e962ebcf0c268dc7e536a2b4dbedbff360d05b8addcdd71352ab55,132.728188,44100,2,128246,2127747,drive,1LCahTSSucSTV_3_YLIH3xAQDtd7aN1Og,2025-09-08T05:08:02Z
data/raw/2025/09/08/2976162caa47ccbf60474e2881d5b637ecc0ff1f16a2464e813139a3f0402f95__250728_0930.mp3,2976162caa47ccbf60474e2881d5b637ecc0ff1f16a2464e813139a3f0402f95,97.698,44100,2,128335,1567264,drive,1JEDSKYjWsO4IPe4rs_uQ1N1qPO7_oSHU,2025-09-08T05:08:03Z
data/raw/2025/09/08/ae10cc9c1980c0909042445a9505c4646571ccfd6dd4b2b9266b1d157d7a9016__250728_0928.mp3,ae10cc9c1980c0909042445a9505c4646571ccfd6dd4b2b9266b1d157d7a9016,145.240875,44100,2,128225,2327950,drive,19HVbR2WxQm8YSLh5-BqVlCR008af0AgB,2025-09-08T05:08:05Z
data/raw/2025/09/08/16543449086b8cb78ed5bafebbec6a5cf54c0ce74d1702b6eb3be91fade9a8d5__250728_0924.mp3,16543449086b8cb78ed5bafebbec6a5cf54c0ce74d1702b6eb3be91fade9a8d5,132.231875,44100,2,128247,2119806,drive,1tj2n78liTpDWYUotjaxIgAkdk8X9UCa2,2025-09-08T05:08:07Z
data/raw/2025/09/08/82e73a5bbebf08a111d71f3f8530350306a39f2177e2487b63644e2fe727e648__250728_0922.mp3,82e73a5bbebf08a111d71f3f8530350306a39f2177e2487b63644e2fe727e648,113.867813,44100,2,128287,1825981,drive,1l59zMWt6BrnBnrk278ARvTuSr2xnHb9S,2025-09-08T05:08:09Z
data/raw/2025/09/08/190b5750faeba13be9107a4b7d790a839b2cf992fd2aeb01be729c76e81bbf57__250728_0919.mp3,190b5750faeba13be9107a4b7d790a839b2cf992fd2aeb01be729c76e81bbf57,95.007375,44100,2,128344,1524214,drive,1UKGDJD7Z4Xnyux9xo1F_PWqWV3AIs4DD,2025-09-08T05:08:10Z
data/raw/2025/09/08/e7cf2e4a32d69175644e4e4cc81312bed19479683da713810de4c746ef135373__250728_0917.mp3,e7cf2e4a32d69175644e4e4cc81312bed19479683da713810de4c746ef135373,116.140438,44100,2,128282,1862343,drive,1bKB8j4CHNtIFi1G0exinou51751rOHDW,2025-09-08T05:08:12Z
data/raw/2025/09/08/5c2ad6043a903ee4989b70da850e6de75204c1c2c1e9ab9d595f812f2779a95f__250728_0914.mp3,5c2ad6043a903ee4989b70da850e6de75204c1c2c1e9ab9d595f812f2779a95f,179.043313,44100,2,128183,2868789,drive,16_ouIVaspbrproK1PozDRzfbKAOxV5wE,2025-09-08T05:08:14Z
data/raw/2025/09/08/1469c6d5be16c5794f75f8b5ee50074b4d498b34ee9f4a15e52634057e13e3cb__250728_0911.mp3,1469c6d5be16c5794f75f8b5ee50074b4d498b34ee9f4a15e52634057e13e3cb,163.735563,44100,2,128200,2623865,drive,1jysXrc7FyNNtQWqCHa-apr65mGzrK4cA,2025-09-08T05:08:16Z
data/raw/2025/09/08/68d77e1211ad8d7de70bb869c49a8e561b7ce00c6ee23a5d5fff8c6175c125f6__250728_0908.mp3,68d77e1211ad8d7de70bb869c49a8e561b7ce00c6ee23a5d5fff8c6175c125f6,133.407375,44100,2,128245,2138614,drive,1UTs8kyxiUalyNHIU49VAo-VRypUQkQmQ,2025-09-08T05:08:18Z
data/raw/2025/09/08/38a64b4c6678ed9752dcb13ddced294d1e4c7a76628d604dbee194e3efb40e29__250728_0906.mp3,38a64b4c6678ed9752dcb13ddced294d1e4c7a76628d604dbee194e3efb40e29,120.920875,44100,2,128270,1938830,drive,1mVMB0fjzS8UZbLbzRixufQKZQDf0a1oi,2025-09-08T05:08:20Z
data/raw/2025/09/08/7f72f6b93587d0ac73afa53fbd3fa8fbe3bdd720bab212cea69ef568b6aff45a__250714_1636.mp3,7f72f6b93587d0ac73afa53fbd3fa8fbe3bdd720bab212cea69ef568b6aff45a,64.5225,44100,2,128507,1036456,drive,1mzVarSnL7oPFN0jG3X-A7tvNEsoIWl8c,2025-09-08T05:08:22Z
data/raw/2025/09/08/c478f28aac2b1ddb78e25aa04116d86cdce826dd4c07b70e482313268f75fa6a__250714_1634_01.mp3,c478f28aac2b1ddb78e25aa04116d86cdce826dd4c07b70e482313268f75fa6a,83.7225,44100,2,128391,1343656,drive,142A2kV-7WRgvbA0hf61EKqts23IwiqtP,2025-09-08T05:08:24Z
data/raw/2025/09/08/a1c13511c80de1f73d24c0ca08aa0d91f996f83f8807d0c0f632690f6fa18b6f__250714_1634.mp3,a1c13511c80de1f73d24c0ca08aa0d91f996f83f8807d0c0f632690f6fa18b6f,26.644938,44100,2,129229,430415,drive,1Ae_BCx9lBUrgdey4RMTxD8YZ4P7Ijk4N,2025-09-08T05:08:25Z
data/raw/2025/09/08/4ef2d5461face4166f7b4fb9c086055f5254a93460e5c87b5d4994d0680664fd__250714_1632_01.mp3,4ef2d5461face4166f7b4fb9c086055f5254a93460e5c87b5d4994d0680664fd,79.124938,44100,2,128414,1270095,drive,13BjHCjjdZTGMElEQDq03slv1Dg-vP7b8,2025-09-08T05:08:26Z
data/raw/2025/09/08/26edbef0a328e3db3a12ecc3df4a6e3ff02fb471aeaadcf56a73dca729b819ef__250714_1632.mp3,26edbef0a328e3db3a12ecc3df4a6e3ff02fb471aeaadcf56a73dca729b819ef,32.653063,44100,2,129003,526545,drive,1xFdcSdCanfQQbpjkCYb9C6meeW_pfWg2,2025-09-08T05:08:28Z
data/raw/2025/09/08/c82dcad81d1d2580cb7c0bc3dced4fad16093990997dda3c443c76f9b231c19a__250714_1630.mp3,c82dcad81d1d2580cb7c0bc3dced4fad16093990997dda3c443c76f9b231c19a,53.498813,44100,2,128612,860077,drive,1UAfYUQEWtPaDOU9J1qCwG6pmLVN-IWUE,2025-09-08T05:08:29Z
data/raw/2025/09/08/df5c7a3423dd07c7c527615359dcf78149587b1be39ec227e9a058012ed33c35__250714_1629.mp3,df5c7a3423dd07c7c527615359dcf78149587b1be39ec227e9a058012ed33c35,9.22125,44100,2,131553,151636,drive,1fCdRJRuIn7jAJ9oEMc4loYGSV0sa114y,2025-09-08T05:08:30Z
